Country,Year,CPI %,Unemployment Rate
Afghanistan,2010,2.18,
Albania,2010,3.63,14.09
Algeria,2010,3.91,9.96
Angola,2010,14.47,9.43
Argentina,2010,,7.71
Armenia,2010,,19.01
Australia,2010,2.92,5.21
Austria,2010,1.81,4.88
Azerbaijan,2010,5.73,5.63
Bahrain,2010,,1.13
Bangladesh,2010,,3.38
Belarus,2010,7.74,
Belgium,2010,2.19,8.29
Belize,2010,,
Benin,2010,2.21,1.04
Bhutan,2010,,3.32
Bolivia,2010,2.5,
Bosnia and Herzegovina,2010,2.0,27.31
Botswana,2010,,17.86
Brazil,2010,5.04,
Bulgaria,2010,2.44,10.28
Burkina Faso,2010,,
Burundi,2010,6.49,
Cambodia,2010,4.0,0.77
Cameroon,2010,,4.11
Canada,2010,1.78,8.18
Central African Republic,2010,1.49,
Chad,2010,,
Chile,2010,1.41,8.41
China,2010,3.18,4.1
Colombia,2010,2.27,11.15
Comoros,2010,,
Congo (Brazzaville),2010,,
Congo (Kinshasa),2010,0.39,
Costa Rica,2010,5.66,7.17
Croatia,2010,1.03,11.62
Cyprus,2010,2.43,6.36
Czechia,2010,1.47,7.28
Denmark,2010,2.31,7.75
Djibouti,2010,,
Dominican Republic,2010,6.33,5.21
Ecuador,2010,3.55,4.09
Egypt,2010,,8.76
El Salvador,2010,1.18,4.89
Estonia,2010,2.97,16.71
Eswatini,2010,4.51,
Ethiopia,2010,8.15,
Finland,2010,1.18,8.39
France,2010,1.53,9.28
Gabon,2010,,20.39
Gambia,2010,5.05,
Georgia,2010,7.11,20.2
Germany,2010,1.1,6.97
Ghana,2010,10.73,5.38
Greece,2010,4.71,12.72
Guatemala,2010,3.86,3.5
Guinea,2010,15.05,
Guyana,2010,3.73,
Haiti,2010,4.83,
Honduras,2010,4.7,4.12
Hong Kong S.A.R of China,2010,2.29,
Hungary,2010,4.86,11.17
Iceland,2010,5.4,7.56
India,2010,11.99,3.12
Indonesia,2010,5.13,5.61
Iran,2010,10.09,13.68
Iraq,2010,,
Ireland,2010,-0.92,14.53
Israel,2010,2.69,8.48
Italy,2010,1.53,8.36
Jamaica,2010,12.61,7.63
Japan,2010,-0.73,5.1
Jordan,2010,4.85,12.5
Kazakhstan,2010,7.4,5.77
Kenya,2010,,
Kosovo,2010,3.48,
Kuwait,2010,,1.82
Kyrgyzstan,2010,7.97,6.01
Laos,2010,5.98,0.71
Latvia,2010,-1.08,19.48
Lebanon,2010,3.98,
Lesotho,2010,3.6,
Liberia,2010,7.29,2.27
Libya,2010,,
Lithuania,2010,1.32,17.81
Luxembourg,2010,2.27,4.36
Madagascar,2010,9.25,4.28
Malawi,2010,,
Malaysia,2010,1.62,3.39
Maldives,2010,6.15,
Mali,2010,,8.07
Malta,2010,1.52,6.85
Mauritania,2010,,
Mauritius,2010,2.93,7.65
Mexico,2010,4.16,5.3
Moldova,2010,7.48,2.97
Mongolia,2010,10.05,6.55
Montenegro,2010,,19.65
Morocco,2010,0.99,9.09
Mozambique,2010,12.43,
Myanmar,2010,,
Namibia,2010,4.87,22.12
Nepal,2010,9.33,
Netherlands,2010,1.28,4.99
New Zealand,2010,2.3,6.56
Nicaragua,2010,5.46,7.83
Niger,2010,,
Nigeria,2010,13.74,
North Macedonia,2010,1.51,33.13
Norway,2010,2.42,3.52
Oman,2010,3.26,
Pakistan,2010,12.94,0.65
Panama,2010,3.49,5.83
Paraguay,2010,4.65,4.57
Peru,2010,,3.6
Philippines,2010,,3.61
Poland,2010,2.58,9.64
Portugal,2010,1.4,10.77
Qatar,2010,,0.45
Romania,2010,6.09,6.96
Russia,2010,6.85,7.37
Rwanda,2010,-0.25,
Saudi Arabia,2010,5.34,5.55
Senegal,2010,1.23,
Serbia,2010,6.14,19.2
Sierra Leone,2010,7.19,
Singapore,2010,2.82,4.12
Slovakia,2010,0.96,14.39
Slovenia,2010,1.8,7.26
Solomon Islands,2010,,
Somalia,2010,,
South Africa,2010,4.09,23.18
South Korea,2010,2.94,3.32
South Sudan,2010,1.17,
Spain,2010,1.8,19.86
Sri Lanka,2010,,4.78
State of Palestine,2010,3.75,
St. Kitts and Nevis,2010,0.85,
St. Lucia,2010,3.25,
St. Vincent and the Grenadines,2010,0.75,
Sudan,2010,12.98,
Suriname,2010,6.94,7.15
Sweden,2010,1.16,8.61
Switzerland,2010,0.69,4.81
Syria,2010,,8.61
Tajikistan,2010,6.45,
Tanzania,2010,,1.31
Thailand,2010,,0.62
Timor-Leste,2010,,3.3
Togo,2010,1.45,
Tonga,2010,3.53,
Trinidad and Tobago,2010,10.55,4.03
Tunisia,2010,3.34,13.05
Turkiye,2010,8.57,10.66
Tuvalu,2010,,
Uganda,2010,,
Ukraine,2010,9.37,8.1
United Arab Emirates,2010,0.88,
United Kingdom,2010,2.49,7.79
United States,2010,1.64,9.63
Uruguay,2010,6.7,7.16
Uzbekistan,2010,,5.36
Vanuatu,2010,2.76,1.85
Venezuela,2010,,7.11
Vietnam,2010,9.21,1.11
Yemen,2010,,17.82
Zambia,2010,,13.19
Zimbabwe,2010,3.02,
Afghanistan,2011,11.8,
Albania,2011,3.43,13.48
Algeria,2011,4.52,9.96
Angola,2011,13.48,16.77
Argentina,2011,,7.18
Armenia,2011,7.65,18.44
Australia,2011,3.3,5.08
Austria,2011,3.29,4.64
Azerbaijan,2011,7.86,5.42
Bahrain,2011,-0.4,4.0
Bangladesh,2011,11.4,
Belarus,2011,53.23,0.6
Belgium,2011,3.53,7.14
Belize,2011,,
Benin,2011,2.7,2.65
Bhutan,2011,,3.23
Bolivia,2011,9.88,2.25
Bosnia and Herzegovina,2011,3.67,27.58
Botswana,2011,8.46,
Brazil,2011,6.64,7.58
Bulgaria,2011,4.22,11.26
Burkina Faso,2011,2.76,
Burundi,2011,9.59,
Cambodia,2011,5.48,0.58
Cameroon,2011,2.94,
Canada,2011,2.91,7.64
Central African Republic,2011,1.19,
Chad,2011,2.03,
Chile,2011,3.34,7.32
China,2011,5.55,4.1
Colombia,2011,3.42,10.29
Comoros,2011,1.84,
Congo (Brazzaville),2011,,
Congo (Kinshasa),2011,1.76,
Costa Rica,2011,4.88,9.52
Croatia,2011,2.27,13.68
Cyprus,2011,3.29,7.94
Czechia,2011,1.92,6.71
Denmark,2011,2.76,7.77
Djibouti,2011,5.07,
Dominican Republic,2011,5.8,6.09
Ecuador,2011,4.47,3.46
Egypt,2011,10.06,11.85
El Salvador,2011,5.13,4.3
Estonia,2011,4.98,12.33
Eswatini,2011,6.11,
Ethiopia,2011,33.25,
Finland,2011,3.42,7.78
France,2011,2.11,9.23
Gabon,2011,1.26,
Gambia,2011,4.8,
Georgia,2011,8.54,19.63
Germany,2011,2.08,5.82
Ghana,2011,8.73,
Greece,2011,3.33,17.97
Guatemala,2011,6.21,4.13
Guinea,2011,21.32,
Guyana,2011,4.98,
Haiti,2011,6.33,
Honduras,2011,6.76,4.47
Hong Kong S.A.R of China,2011,5.31,
Hungary,2011,3.93,11.03
Iceland,2011,4.0,7.03
India,2011,8.91,
Indonesia,2011,5.36,5.15
Iran,2011,26.29,12.49
Iraq,2011,,
Ireland,2011,2.56,15.35
Israel,2011,3.48,7.14
Italy,2011,2.78,8.36
Jamaica,2011,7.56,8.03
Japan,2011,-0.27,4.55
Jordan,2011,4.16,12.9
Kazakhstan,2011,8.42,5.39
Kenya,2011,14.02,
Kosovo,2011,7.34,
Kuwait,2011,4.84,
Kyrgyzstan,2011,16.64,5.82
Laos,2011,7.57,
Latvia,2011,4.37,16.21
Lebanon,2011,4.97,
Lesotho,2011,4.99,
Liberia,2011,8.49,
Libya,2011,15.52,
Lithuania,2011,4.13,15.39
Luxembourg,2011,3.41,4.9
Madagascar,2011,9.48,
Malawi,2011,7.62,1.74
Malaysia,2011,3.17,3.05
Maldives,2011,11.27,
Mali,2011,2.96,6.9
Malta,2011,2.96,6.38
Mauritania,2011,5.69,
Mauritius,2011,6.52,7.45
Mexico,2011,3.41,5.17
Moldova,2011,7.69,2.68
Mongolia,2011,8.41,4.77
Montenegro,2011,3.45,19.76
Morocco,2011,0.91,8.91
Mozambique,2011,11.17,
Myanmar,2011,5.02,
Namibia,2011,5.01,
Nepal,2011,9.23,
Netherlands,2011,2.34,4.98
New Zealand,2011,4.03,6.49
Nicaragua,2011,8.08,
Niger,2011,2.94,0.32
Nigeria,2011,10.83,3.77
North Macedonia,2011,3.9,31.5
Norway,2011,1.28,3.21
Oman,2011,4.04,
Pakistan,2011,11.92,0.8
Panama,2011,5.88,3.92
Paraguay,2011,8.25,4.67
Peru,2011,3.37,3.48
Philippines,2011,4.72,3.59
Poland,2011,4.24,9.63
Portugal,2011,3.65,12.68
Qatar,2011,1.14,0.56
Romania,2011,5.79,7.18
Russia,2011,8.44,6.54
Rwanda,2011,3.08,
Saudi Arabia,2011,5.83,
Senegal,2011,3.4,10.36
Serbia,2011,11.14,22.96
Sierra Leone,2011,6.79,
Singapore,2011,5.25,3.89
Slovakia,2011,3.92,13.63
Slovenia,2011,1.8,8.2
Solomon Islands,2011,,
Somalia,2011,,
South Africa,2011,5.0,21.42
South Korea,2011,4.03,2.99
South Sudan,2011,46.85,
Spain,2011,3.2,21.39
Sri Lanka,2011,6.72,4.12
State of Palestine,2011,2.88,
St. Kitts and Nevis,2011,5.84,
St. Lucia,2011,2.77,
St. Vincent and the Grenadines,2011,3.19,
Sudan,2011,18.1,17.44
Suriname,2011,17.71,7.54
Sweden,2011,2.96,7.8
Switzerland,2011,0.23,4.41
Syria,2011,4.75,
Tajikistan,2011,12.43,
Tanzania,2011,12.69,3.47
Thailand,2011,3.81,0.66
Timor-Leste,2011,13.5,
Togo,2011,3.56,1.98
Tonga,2011,6.27,
Trinidad and Tobago,2011,5.11,3.43
Tunisia,2011,3.24,18.33
Turkiye,2011,6.47,8.8
Tuvalu,2011,0.5,
Uganda,2011,16.56,
Ukraine,2011,7.96,7.85
United Arab Emirates,2011,0.88,
United Kingdom,2011,3.86,8.04
United States,2011,3.16,8.95
Uruguay,2011,8.09,6.31
Uzbekistan,2011,13.78,4.96
Vanuatu,2011,0.87,
Venezuela,2011,26.09,6.9
Vietnam,2011,18.68,1.0
Yemen,2011,19.54,
Zambia,2011,6.43,
Zimbabwe,2011,3.47,5.37
Afghanistan,2012,6.44,1.69
Albania,2012,2.03,13.38
Algeria,2012,8.89,10.97
Angola,2012,10.28,
Argentina,2012,,7.22
Armenia,2012,2.56,17.3
Australia,2012,1.76,5.23
Austria,2012,2.49,4.91
Azerbaijan,2012,1.07,5.19
Bahrain,2012,2.76,1.2
Bangladesh,2012,6.22,
Belarus,2012,59.22,0.5
Belgium,2012,2.84,7.54
Belize,2012,1.3,
Benin,2012,6.74,
Bhutan,2012,,2.05
Bolivia,2012,4.52,2.07
Bosnia and Herzegovina,2012,2.05,28.01
Botswana,2012,7.54,
Brazil,2012,5.4,7.25
Bulgaria,2012,2.95,12.27
Burkina Faso,2012,3.82,
Burundi,2012,18.16,
Cambodia,2012,2.93,1.28
Cameroon,2012,2.74,
Canada,2012,1.52,7.39
Central African Republic,2012,5.48,
Chad,2012,7.52,
Chile,2012,3.01,6.64
China,2012,2.62,4.1
Colombia,2012,3.17,9.96
Comoros,2012,6.31,
Congo (Brazzaville),2012,,4.49
Congo (Kinshasa),2012,5.01,10.0
Costa Rica,2012,4.5,9.11
Croatia,2012,3.41,15.93
Cyprus,2012,2.39,12.1
Czechia,2012,3.29,6.98
Denmark,2012,2.4,7.8
Djibouti,2012,3.73,
Dominican Republic,2012,3.69,6.72
Ecuador,2012,5.1,3.23
Egypt,2012,7.11,12.6
El Salvador,2012,1.73,3.84
Estonia,2012,3.93,10.02
Eswatini,2012,8.94,
Ethiopia,2012,23.6,
Finland,2012,2.81,7.69
France,2012,1.95,9.84
Gabon,2012,2.65,
Gambia,2012,4.25,10.35
Georgia,2012,-0.94,19.65
Germany,2012,2.01,5.38
Ghana,2012,11.19,
Greece,2012,1.5,24.73
Guatemala,2012,3.78,2.76
Guinea,2012,15.23,
Guyana,2012,2.39,
Haiti,2012,5.02,14.1
Honduras,2012,5.2,3.75
Hong Kong S.A.R of China,2012,4.05,
Hungary,2012,5.65,11.0
Iceland,2012,5.19,6.0
India,2012,9.48,3.22
Indonesia,2012,4.28,4.47
Iran,2012,27.26,12.27
Iraq,2012,,7.96
Ireland,2012,1.7,15.45
Israel,2012,1.68,6.76
Italy,2012,3.04,10.65
Jamaica,2012,6.87,8.69
Japan,2012,-0.04,4.36
Jordan,2012,4.52,12.2
Kazakhstan,2012,5.1,5.29
Kenya,2012,9.38,
Kosovo,2012,2.48,30.88
Kuwait,2012,3.26,
Kyrgyzstan,2012,2.77,4.67
Laos,2012,4.26,
Latvia,2012,2.26,15.05
Lebanon,2012,6.58,
Lesotho,2012,6.13,
Liberia,2012,6.83,
Libya,2012,6.06,19.03
Lithuania,2012,3.09,13.36
Luxembourg,2012,2.66,5.14
Madagascar,2012,5.71,0.6
Malawi,2012,21.27,
Malaysia,2012,1.66,3.1
Maldives,2012,10.88,
Mali,2012,5.32,
Malta,2012,2.38,6.2
Mauritania,2012,4.9,9.86
Mauritius,2012,3.85,7.47
Mexico,2012,4.11,4.89
Moldova,2012,4.55,2.19
Mongolia,2012,14.33,3.9
Montenegro,2012,4.15,19.81
Morocco,2012,1.29,8.99
Mozambique,2012,2.6,
Myanmar,2012,1.47,
Namibia,2012,6.72,16.77
Nepal,2012,9.46,
Netherlands,2012,2.46,5.82
New Zealand,2012,1.06,6.93
Nicaragua,2012,7.19,5.21
Niger,2012,0.46,2.18
Nigeria,2012,12.22,
North Macedonia,2012,3.32,31.2
Norway,2012,0.7,3.12
Oman,2012,2.95,
Pakistan,2012,9.68,3.67
Panama,2012,5.7,3.71
Paraguay,2012,3.68,4.09
Peru,2012,3.61,3.24
Philippines,2012,3.03,3.5
Poland,2012,3.56,10.09
Portugal,2012,2.77,15.53
Qatar,2012,2.32,0.48
Romania,2012,3.33,6.79
Russia,2012,5.07,5.44
Rwanda,2012,10.27,
Saudi Arabia,2012,2.87,5.62
Senegal,2012,1.42,
Serbia,2012,7.33,24.0
Sierra Leone,2012,6.59,
Singapore,2012,4.58,3.72
Slovakia,2012,3.61,13.97
Slovenia,2012,2.6,8.88
Solomon Islands,2012,,
Somalia,2012,,
South Africa,2012,5.72,21.79
South Korea,2012,2.19,2.81
South Sudan,2012,45.53,
Spain,2012,2.45,24.79
Sri Lanka,2012,7.54,3.88
State of Palestine,2012,2.78,
St. Kitts and Nevis,2012,0.82,
St. Lucia,2012,4.18,
St. Vincent and the Grenadines,2012,2.6,
Sudan,2012,35.56,
Suriname,2012,5.01,8.1
Sweden,2012,0.89,7.98
Switzerland,2012,-0.69,4.49
Syria,2012,36.7,
Tajikistan,2012,5.83,
Tanzania,2012,16.0,2.61
Thailand,2012,3.01,0.58
Timor-Leste,2012,11.8,
Togo,2012,2.58,
Tonga,2012,1.15,
Trinidad and Tobago,2012,9.26,3.72
Tunisia,2012,4.61,17.63
Turkiye,2012,8.89,8.15
Tuvalu,2012,,
Uganda,2012,12.68,3.55
Ukraine,2012,0.57,7.53
United Arab Emirates,2012,0.66,
United Kingdom,2012,2.57,7.88
United States,2012,2.07,8.07
Uruguay,2012,8.1,6.45
Uzbekistan,2012,13.21,4.87
Vanuatu,2012,1.35,
Venezuela,2012,21.07,6.6
Vietnam,2012,9.09,1.03
Yemen,2012,9.89,
Zambia,2012,6.58,7.85
Zimbabwe,2012,3.73,
Afghanistan,2013,7.39,
Albania,2013,1.94,15.87
Algeria,2013,3.25,9.82
Angola,2013,8.78,
Argentina,2013,,7.1
Armenia,2013,5.79,16.18
Australia,2013,2.45,5.66
Austria,2013,2.0,5.37
Azerbaijan,2013,2.42,4.97
Bahrain,2013,3.3,
Bangladesh,2013,7.53,4.43
Belarus,2013,18.31,0.5
Belgium,2013,1.11,8.43
Belize,2013,0.51,8.35
Benin,2013,0.43,
Bhutan,2013,,2.87
Bolivia,2013,5.74,2.44
Bosnia and Herzegovina,2013,-0.09,27.49
Botswana,2013,5.88,
Brazil,2013,6.2,7.07
Bulgaria,2013,0.89,12.94
Burkina Faso,2013,0.53,
Burundi,2013,7.94,
Cambodia,2013,2.94,0.44
Cameroon,2013,2.05,
Canada,2013,0.94,7.14
Central African Republic,2013,6.99,
Chad,2013,0.22,
Chile,2013,1.79,6.2
China,2013,2.62,4.05
Colombia,2013,2.02,9.25
Comoros,2013,-4.29,
Congo (Brazzaville),2013,0.81,
Congo (Kinshasa),2013,4.63,
Costa Rica,2013,5.23,8.22
Croatia,2013,2.22,17.25
Cyprus,2013,-0.4,16.13
Czechia,2013,1.44,6.95
Denmark,2013,0.79,7.38
Djibouti,2013,2.71,
Dominican Republic,2013,4.83,7.35
Ecuador,2013,2.72,3.08
Egypt,2013,9.47,13.15
El Salvador,2013,0.76,3.69
Estonia,2013,2.78,8.63
Eswatini,2013,5.62,
Ethiopia,2013,7.46,2.25
Finland,2013,1.48,8.19
France,2013,0.86,9.91
Gabon,2013,0.51,
Gambia,2013,5.7,
Georgia,2013,-0.51,19.42
Germany,2013,1.5,5.23
Ghana,2013,11.67,2.17
Greece,2013,-0.92,27.69
Guatemala,2013,4.34,3.02
Guinea,2013,11.89,
Guyana,2013,1.9,
Haiti,2013,4.77,
Honduras,2013,5.16,5.65
Hong Kong S.A.R of China,2013,4.34,
Hungary,2013,1.73,10.18
Iceland,2013,3.87,5.38
India,2013,10.02,
Indonesia,2013,6.41,4.34
Iran,2013,36.6,10.6
Iraq,2013,,
Ireland,2013,0.51,13.73
Israel,2013,1.57,6.14
Italy,2013,1.22,12.15
Jamaica,2013,9.34,9.7
Japan,2013,0.34,4.04
Jordan,2013,4.82,12.6
Kazakhstan,2013,5.85,5.2
Kenya,2013,5.72,
Kosovo,2013,1.77,29.77
Kuwait,2013,2.68,
Kyrgyzstan,2013,6.61,4.3
Laos,2013,6.37,
Latvia,2013,-0.03,11.87
Lebanon,2013,4.82,
Lesotho,2013,4.86,24.58
Liberia,2013,7.58,
Libya,2013,2.61,
Lithuania,2013,1.05,11.77
Luxembourg,2013,1.73,5.85
Madagascar,2013,5.83,
Malawi,2013,27.28,4.98
Malaysia,2013,2.11,3.16
Maldives,2013,3.81,
Mali,2013,-0.61,6.35
Malta,2013,1.18,6.11
Mauritania,2013,4.13,
Mauritius,2013,3.54,7.32
Mexico,2013,3.81,4.91
Moldova,2013,4.6,1.89
Mongolia,2013,10.49,4.23
Montenegro,2013,2.21,19.59
Morocco,2013,1.88,9.23
Mozambique,2013,4.26,
Myanmar,2013,5.64,
Namibia,2013,5.6,19.03
Nepal,2013,9.04,
Netherlands,2013,2.51,7.24
New Zealand,2013,1.13,5.84
Nicaragua,2013,7.14,5.28
Niger,2013,2.3,
Nigeria,2013,8.5,3.71
North Macedonia,2013,2.79,29.14
Norway,2013,2.12,3.42
Oman,2013,1.05,
Pakistan,2013,7.69,2.95
Panama,2013,4.03,3.73
Paraguay,2013,2.68,4.38
Peru,2013,2.77,3.57
Philippines,2013,2.58,3.5
Poland,2013,0.99,10.33
Portugal,2013,0.27,16.19
Qatar,2013,3.22,0.28
Romania,2013,3.98,7.1
Russia,2013,6.75,5.46
Rwanda,2013,5.92,
Saudi Arabia,2013,3.53,5.6
Senegal,2013,0.71,
Serbia,2013,7.69,22.15
Sierra Leone,2013,5.52,
Singapore,2013,2.36,3.86
Slovakia,2013,1.4,14.23
Slovenia,2013,1.77,10.14
Solomon Islands,2013,,0.69
Somalia,2013,,
South Africa,2013,5.78,22.04
South Korea,2013,1.3,2.75
South Sudan,2013,-0.06,
Spain,2013,1.41,26.09
Sri Lanka,2013,6.91,4.19
State of Palestine,2013,1.72,
St. Kitts and Nevis,2013,1.11,
St. Lucia,2013,1.47,
St. Vincent and the Grenadines,2013,0.81,
Sudan,2013,36.52,
Suriname,2013,1.92,6.6
Sweden,2013,-0.04,8.05
Switzerland,2013,-0.22,4.75
Syria,2013,,
Tajikistan,2013,5.01,
Tanzania,2013,7.87,2.93
Thailand,2013,2.18,0.25
Timor-Leste,2013,10.99,4.05
Togo,2013,1.83,
Tonga,2013,0.78,
Trinidad and Tobago,2013,5.2,2.68
Tunisia,2013,5.32,15.93
Turkiye,2013,7.49,8.73
Tuvalu,2013,,
Uganda,2013,4.91,1.91
Ukraine,2013,-0.24,7.17
United Arab Emirates,2013,1.1,
United Kingdom,2013,2.29,7.52
United States,2013,1.46,7.37
Uruguay,2013,8.58,6.44
Uzbekistan,2013,11.84,4.86
Vanuatu,2013,1.46,
Venezuela,2013,40.64,
Vietnam,2013,6.59,1.32
Yemen,2013,10.97,
Zambia,2013,6.98,
Zimbabwe,2013,1.63,
Afghanistan,2014,4.67,7.91
Albania,2014,1.63,18.05
Algeria,2014,2.92,10.21
Angola,2014,7.28,9.58
Argentina,2014,,7.27
Armenia,2014,2.98,17.5
Australia,2014,2.49,6.08
Austria,2014,1.61,5.67
Azerbaijan,2014,1.37,4.91
Bahrain,2014,2.65,
Bangladesh,2014,6.99,
Belarus,2014,18.12,0.5
Belgium,2014,0.34,8.52
Belize,2014,1.2,8.24
Benin,2014,-0.55,
Bhutan,2014,8.27,2.63
Bolivia,2014,5.77,2.02
Bosnia and Herzegovina,2014,-0.9,27.52
Botswana,2014,4.4,
Brazil,2014,6.33,6.76
Bulgaria,2014,-1.42,11.42
Burkina Faso,2014,-0.26,6.48
Burundi,2014,4.41,1.57
Cambodia,2014,3.86,0.69
Cameroon,2014,1.85,3.53
Canada,2014,1.91,7.02
Central African Republic,2014,14.9,
Chad,2014,1.68,
Chile,2014,4.72,6.65
China,2014,1.92,4.1
Colombia,2014,2.9,8.8
Comoros,2014,,8.14
Congo (Brazzaville),2014,1.24,
Congo (Kinshasa),2014,0.91,
Costa Rica,2014,4.52,8.5
Croatia,2014,-0.22,17.29
Cyprus,2014,-1.35,16.28
Czechia,2014,0.34,6.11
Denmark,2014,0.56,6.93
Djibouti,2014,1.34,
Dominican Republic,2014,3.0,6.72
Ecuador,2014,3.59,3.48
Egypt,2014,10.07,13.1
El Salvador,2014,1.14,4.15
Estonia,2014,-0.11,7.35
Eswatini,2014,5.68,
Ethiopia,2014,6.89,
Finland,2014,1.04,8.66
France,2014,0.51,10.27
Gabon,2014,4.69,
Gambia,2014,5.95,
Georgia,2014,3.07,17.44
Germany,2014,0.91,4.98
Ghana,2014,15.49,
Greece,2014,-1.31,26.71
Guatemala,2014,3.42,2.72
Guinea,2014,6.15,
Guyana,2014,0.85,
Haiti,2014,3.44,
Honduras,2014,6.13,7.08
Hong Kong S.A.R of China,2014,4.42,
Hungary,2014,-0.23,7.73
Iceland,2014,2.04,4.9
India,2014,6.67,
Indonesia,2014,6.39,4.05
Iran,2014,16.61,10.68
Iraq,2014,,10.59
Ireland,2014,0.18,11.86
Israel,2014,0.48,5.79
Italy,2014,0.24,12.68
Jamaica,2014,8.27,9.05
Japan,2014,2.76,3.59
Jordan,2014,2.9,11.9
Kazakhstan,2014,6.71,5.06
Kenya,2014,6.88,
Kosovo,2014,0.43,35.26
Kuwait,2014,2.91,2.9
Kyrgyzstan,2014,7.53,4.05
Laos,2014,4.13,
Latvia,2014,0.62,10.85
Lebanon,2014,1.85,
Lesotho,2014,5.37,
Liberia,2014,9.86,2.08
Libya,2014,2.43,
Lithuania,2014,0.1,10.7
Luxembourg,2014,0.63,5.85
Madagascar,2014,6.08,
Malawi,2014,23.79,
Malaysia,2014,3.14,2.88
Maldives,2014,2.12,3.85
Mali,2014,0.88,6.38
Malta,2014,0.31,5.72
Mauritania,2014,3.53,
Mauritius,2014,3.22,7.47
Mexico,2014,4.02,4.81
Moldova,2014,5.09,1.45
Mongolia,2014,12.25,4.8
Montenegro,2014,-0.71,18.05
Morocco,2014,0.44,9.7
Mozambique,2014,2.56,
Myanmar,2014,4.95,
Namibia,2014,5.35,18.52
Nepal,2014,8.36,
Netherlands,2014,0.98,7.42
New Zealand,2014,1.23,5.43
Nicaragua,2014,6.04,4.52
Niger,2014,-0.93,0.52
Nigeria,2014,8.05,4.56
North Macedonia,2014,-0.28,28.38
Norway,2014,2.04,3.48
Oman,2014,1.02,
Pakistan,2014,7.19,1.83
Panama,2014,2.63,4.44
Paraguay,2014,5.03,5.03
Peru,2014,3.41,3.21
Philippines,2014,3.6,3.6
Poland,2014,0.05,8.99
Portugal,2014,-0.28,13.9
Qatar,2014,3.35,0.2
Romania,2014,1.07,6.8
Russia,2014,7.82,5.16
Rwanda,2014,2.35,1.17
Saudi Arabia,2014,2.24,5.88
Senegal,2014,-1.09,
Serbia,2014,2.08,19.22
Sierra Leone,2014,4.64,4.68
Singapore,2014,1.03,3.74
Slovakia,2014,-0.08,11.54
Slovenia,2014,0.2,9.72
Solomon Islands,2014,,
Somalia,2014,,
South Africa,2014,6.13,22.61
South Korea,2014,1.27,3.08
South Sudan,2014,1.67,
Spain,2014,-0.15,24.44
Sri Lanka,2014,3.18,4.16
State of Palestine,2014,1.73,
St. Kitts and Nevis,2014,0.25,
St. Lucia,2014,3.52,
St. Vincent and the Grenadines,2014,0.19,
Sudan,2014,36.91,
Suriname,2014,3.38,6.94
Sweden,2014,-0.18,7.95
Switzerland,2014,-0.01,4.83
Syria,2014,,
Tajikistan,2014,6.1,
Tanzania,2014,6.13,2.12
Thailand,2014,1.9,0.58
Timor-Leste,2014,0.85,
Togo,2014,0.19,
Tonga,2014,2.51,
Trinidad and Tobago,2014,5.68,2.48
Tunisia,2014,4.63,14.26
Turkiye,2014,8.85,9.88
Tuvalu,2014,,
Uganda,2014,3.08,
Ukraine,2014,12.07,9.27
United Arab Emirates,2014,2.35,
United Kingdom,2014,1.45,6.11
United States,2014,1.62,6.17
Uruguay,2014,8.88,6.55
Uzbekistan,2014,9.28,5.09
Vanuatu,2014,0.8,
Venezuela,2014,62.17,
Vietnam,2014,4.08,1.26
Yemen,2014,8.1,13.47
Zambia,2014,7.81,
Zimbabwe,2014,-0.2,4.77
Afghanistan,2015,-0.66,
Albania,2015,1.9,17.19
Algeria,2015,4.78,11.21
Angola,2015,9.35,
Argentina,2015,,
Armenia,2015,3.73,18.26
Australia,2015,1.51,6.06
Austria,2015,0.9,5.8
Azerbaijan,2015,4.03,4.96
Bahrain,2015,1.85,
Bangladesh,2015,6.19,
Belarus,2015,13.53,1.0
Belgium,2015,0.56,8.48
Belize,2015,-0.86,7.58
Benin,2015,0.22,
Bhutan,2015,4.55,2.45
Bolivia,2015,4.06,3.11
Bosnia and Herzegovina,2015,-1.04,27.69
Botswana,2015,3.06,
Brazil,2015,9.03,8.54
Bulgaria,2015,-0.1,9.14
Burkina Faso,2015,0.72,
Burundi,2015,5.54,
Cambodia,2015,1.22,0.39
Cameroon,2015,2.68,
Canada,2015,1.13,6.95
Central African Republic,2015,1.4,
Chad,2015,4.38,
Chile,2015,4.35,6.49
China,2015,1.44,
Colombia,2015,4.99,8.57
Comoros,2015,,
Congo (Brazzaville),2015,0.74,
Congo (Kinshasa),2015,3.17,
Costa Rica,2015,0.8,8.42
Croatia,2015,-0.46,16.18
Cyprus,2015,-2.1,15.03
Czechia,2015,0.31,5.05
Denmark,2015,0.45,6.28
Djibouti,2015,-0.85,
Dominican Republic,2015,0.84,7.61
Ecuador,2015,3.97,3.62
Egypt,2015,10.37,13.05
El Salvador,2015,-0.73,4.0
Estonia,2015,-0.49,6.19
Eswatini,2015,4.95,
Ethiopia,2015,9.57,
Finland,2015,-0.21,9.38
France,2015,0.04,10.35
Gabon,2015,-0.34,
Gambia,2015,6.81,
Georgia,2015,4.0,16.51
Germany,2015,0.51,4.62
Ghana,2015,17.15,6.81
Greece,2015,-1.74,24.98
Guatemala,2015,2.39,2.51
Guinea,2015,11.78,
Guyana,2015,-1.0,
Haiti,2015,6.73,
Honduras,2015,3.16,6.15
Hong Kong S.A.R of China,2015,2.99,
Hungary,2015,-0.06,6.81
Iceland,2015,1.63,3.98
India,2015,4.91,
Indonesia,2015,6.36,4.51
Iran,2015,12.48,11.17
Iraq,2015,,
Ireland,2015,-0.29,9.91
Israel,2015,-0.6,5.18
Italy,2015,0.04,11.9
Jamaica,2015,3.69,13.51
Japan,2015,0.8,3.39
Jordan,2015,-0.88,13.08
Kazakhstan,2015,6.67,4.93
Kenya,2015,6.58,
Kosovo,2015,-0.54,32.84
Kuwait,2015,3.27,2.2
Kyrgyzstan,2015,6.5,3.36
Laos,2015,1.28,
Latvia,2015,0.17,9.87
Lebanon,2015,-3.75,
Lesotho,2015,3.22,
Liberia,2015,7.75,
Libya,2015,10.4,
Lithuania,2015,-0.88,9.12
Luxembourg,2015,0.47,6.67
Madagascar,2015,7.4,1.79
Malawi,2015,21.87,
Malaysia,2015,2.1,3.1
Maldives,2015,0.95,
Mali,2015,1.45,7.73
Malta,2015,1.1,5.38
Mauritania,2015,3.25,
Mauritius,2015,1.29,7.41
Mexico,2015,2.72,4.31
Moldova,2015,9.68,1.78
Mongolia,2015,5.74,4.86
Montenegro,2015,1.55,17.55
Morocco,2015,1.56,9.46
Mozambique,2015,3.55,3.43
Myanmar,2015,9.45,0.77
Namibia,2015,3.39,
Nepal,2015,7.87,3.1
Netherlands,2015,0.6,6.87
New Zealand,2015,0.29,5.42
Nicaragua,2015,4.0,4.7
Niger,2015,-0.58,
Nigeria,2015,9.01,4.31
North Macedonia,2015,-0.3,26.43
Norway,2015,2.17,4.3
Oman,2015,0.07,
Pakistan,2015,2.53,3.57
Panama,2015,0.14,4.4
Paraguay,2015,3.13,4.56
Peru,2015,3.4,3.27
Philippines,2015,0.67,3.07
Poland,2015,-0.87,7.5
Portugal,2015,0.49,12.45
Qatar,2015,1.81,0.17
Romania,2015,-0.59,6.81
Russia,2015,15.53,5.57
Rwanda,2015,2.53,
Saudi Arabia,2015,1.21,5.6
Senegal,2015,0.14,6.76
Serbia,2015,1.39,17.66
Sierra Leone,2015,6.69,
Singapore,2015,-0.52,3.79
Slovakia,2015,-0.33,11.49
Slovenia,2015,-0.53,9.0
Solomon Islands,2015,-0.57,
Somalia,2015,,
South Africa,2015,4.54,22.87
South Korea,2015,0.71,3.55
South Sudan,2015,52.77,
Spain,2015,-0.5,22.06
Sri Lanka,2015,3.77,4.52
State of Palestine,2015,1.43,
St. Kitts and Nevis,2015,-2.3,
St. Lucia,2015,-0.98,
St. Vincent and the Grenadines,2015,-1.73,
Sudan,2015,16.91,
Suriname,2015,6.89,7.22
Sweden,2015,-0.05,7.43
Switzerland,2015,-1.14,4.8
Syria,2015,,
Tajikistan,2015,5.71,
Tanzania,2015,5.59,
Thailand,2015,-0.9,0.6
Timor-Leste,2015,0.65,
Togo,2015,2.59,2.2
Tonga,2015,-1.05,
Trinidad and Tobago,2015,4.66,2.43
Tunisia,2015,4.44,15.16
Turkiye,2015,7.67,10.24
Tuvalu,2015,,
Uganda,2015,5.59,
Ukraine,2015,48.7,9.14
United Arab Emirates,2015,4.07,
United Kingdom,2015,0.37,5.3
United States,2015,0.12,5.28
Uruguay,2015,8.67,7.49
Uzbekistan,2015,8.75,5.15
Vanuatu,2015,2.48,
Venezuela,2015,121.74,
Vietnam,2015,0.63,1.85
Yemen,2015,,
Zambia,2015,10.11,
Zimbabwe,2015,-2.43,
Afghanistan,2016,4.38,
Albania,2016,1.28,15.42
Algeria,2016,6.4,10.2
Angola,2016,30.7,
Argentina,2016,,
Armenia,2016,-1.4,17.62
Australia,2016,1.28,5.71
Austria,2016,0.89,6.06
Azerbaijan,2016,12.44,5.0
Bahrain,2016,2.79,
Bangladesh,2016,5.51,4.35
Belarus,2016,11.84,5.84
Belgium,2016,1.97,7.83
Belize,2016,0.66,7.0
Benin,2016,-0.79,
Bhutan,2016,3.22,
Bolivia,2016,3.62,3.5
Bosnia and Herzegovina,2016,-1.58,25.41
Botswana,2016,2.81,
Brazil,2016,8.74,11.58
Bulgaria,2016,-0.8,7.57
Burkina Faso,2016,0.44,
Burundi,2016,5.56,
Cambodia,2016,3.02,0.72
Cameroon,2016,0.87,
Canada,2016,1.43,7.04
Central African Republic,2016,4.95,
Chad,2016,-0.79,
Chile,2016,3.79,6.73
China,2016,2.0,
Colombia,2016,7.51,8.92
Comoros,2016,,
Congo (Brazzaville),2016,2.89,
Congo (Kinshasa),2016,3.19,
Costa Rica,2016,-0.02,8.09
Croatia,2016,-1.13,13.1
Cyprus,2016,-1.43,13.01
Czechia,2016,0.68,3.95
Denmark,2016,0.25,5.99
Djibouti,2016,2.74,
Dominican Republic,2016,1.61,7.28
Ecuador,2016,1.73,4.6
Egypt,2016,13.81,12.45
El Salvador,2016,0.6,4.42
Estonia,2016,0.15,6.76
Eswatini,2016,7.85,22.72
Ethiopia,2016,6.63,
Finland,2016,0.36,8.82
France,2016,0.18,10.06
Gabon,2016,2.11,
Gambia,2016,7.23,
Georgia,2016,2.13,16.6
Germany,2016,0.49,4.12
Ghana,2016,17.45,
Greece,2016,-0.83,23.51
Guatemala,2016,4.45,2.58
Guinea,2016,8.17,
Guyana,2016,0.84,
Haiti,2016,11.5,
Honduras,2016,2.72,6.73
Hong Kong S.A.R of China,2016,2.41,
Hungary,2016,0.39,5.11
Iceland,2016,1.7,2.98
India,2016,4.95,
Indonesia,2016,3.53,4.3
Iran,2016,7.25,12.62
Iraq,2016,0.56,10.82
Ireland,2016,0.01,8.37
Israel,2016,-0.55,4.72
Italy,2016,-0.09,11.69
Jamaica,2016,2.35,8.63
Japan,2016,-0.13,3.13
Jordan,2016,-0.78,15.28
Kazakhstan,2016,14.55,4.96
Kenya,2016,6.3,2.76
Kosovo,2016,0.27,27.49
Kuwait,2016,3.2,2.16
Kyrgyzstan,2016,0.39,3.25
Laos,2016,1.6,
Latvia,2016,0.14,9.64
Lebanon,2016,-0.78,
Lesotho,2016,6.6,
Liberia,2016,8.83,3.08
Libya,2016,25.85,
Lithuania,2016,0.91,7.86
Luxembourg,2016,0.29,6.29
Madagascar,2016,6.04,
Malawi,2016,21.71,
Malaysia,2016,2.09,3.44
Maldives,2016,0.5,5.77
Mali,2016,-1.8,1.37
Malta,2016,0.64,4.69
Mauritania,2016,1.47,
Mauritius,2016,0.98,6.81
Mexico,2016,2.82,3.85
Moldova,2016,6.36,1.59
Mongolia,2016,0.73,7.24
Montenegro,2016,-0.27,17.73
Morocco,2016,1.64,9.3
Mozambique,2016,17.42,
Myanmar,2016,6.93,
Namibia,2016,6.73,23.35
Nepal,2016,8.79,
Netherlands,2016,0.32,6.01
New Zealand,2016,0.65,5.15
Nicaragua,2016,3.52,3.9
Niger,2016,1.65,
Nigeria,2016,15.7,7.06
North Macedonia,2016,-0.24,24.3
Norway,2016,3.55,4.68
Oman,2016,1.11,3.27
Pakistan,2016,3.77,2.29
Panama,2016,0.74,4.84
Paraguay,2016,4.09,5.25
Peru,2016,3.56,3.74
Philippines,2016,1.25,2.7
Poland,2016,-0.66,6.16
Portugal,2016,0.61,11.07
Qatar,2016,2.68,0.15
Romania,2016,-1.54,5.9
Russia,2016,7.04,5.56
Rwanda,2016,7.17,
Saudi Arabia,2016,2.07,5.6
Senegal,2016,0.84,4.46
Serbia,2016,1.12,15.26
Sierra Leone,2016,10.89,
Singapore,2016,-0.53,4.08
Slovakia,2016,-0.52,9.68
Slovenia,2016,-0.05,8.02
Solomon Islands,2016,0.51,
Somalia,2016,0.02,
South Africa,2016,6.57,24.02
South Korea,2016,0.97,3.65
South Sudan,2016,380.0,
Spain,2016,-0.2,19.64
Sri Lanka,2016,3.96,4.24
State of Palestine,2016,-0.22,
St. Kitts and Nevis,2016,-0.69,
St. Lucia,2016,-3.08,
St. Vincent and the Grenadines,2016,-0.15,
Sudan,2016,17.75,
Suriname,2016,55.41,7.92
Sweden,2016,0.98,6.99
Switzerland,2016,-0.43,4.92
Syria,2016,,
Tajikistan,2016,6.0,6.9
Tanzania,2016,5.17,
Thailand,2016,0.19,0.69
Timor-Leste,2016,-1.47,4.66
Togo,2016,1.29,
Tonga,2016,2.58,
Trinidad and Tobago,2016,3.07,3.21
Tunisia,2016,3.63,15.56
Turkiye,2016,7.78,10.84
Tuvalu,2016,,8.49
Uganda,2016,5.71,
Ukraine,2016,13.91,9.35
United Arab Emirates,2016,1.62,1.64
United Kingdom,2016,1.01,4.81
United States,2016,1.26,4.87
Uruguay,2016,9.64,7.84
Uzbekistan,2016,8.13,5.16
Vanuatu,2016,0.84,
Venezuela,2016,254.95,5.32
Vietnam,2016,2.67,1.85
Yemen,2016,,
Zambia,2016,17.87,
Zimbabwe,2016,-1.54,
Afghanistan,2017,4.98,11.18
Albania,2017,1.99,13.62
Algeria,2017,5.59,12.0
Angola,2017,29.84,
Argentina,2017,,8.35
Armenia,2017,0.97,17.7
Australia,2017,1.95,5.59
Austria,2017,2.08,5.56
Azerbaijan,2017,12.94,5.0
Bahrain,2017,1.39,
Bangladesh,2017,5.7,4.37
Belarus,2017,6.03,5.65
Belgium,2017,2.13,7.09
Belize,2017,1.15,6.6
Benin,2017,1.77,
Bhutan,2017,4.96,
Bolivia,2017,2.82,3.65
Bosnia and Herzegovina,2017,0.81,20.53
Botswana,2017,3.31,
Brazil,2017,3.45,12.79
Bulgaria,2017,2.06,6.16
Burkina Faso,2017,1.48,
Burundi,2017,16.05,
Cambodia,2017,2.91,0.14
Cameroon,2017,0.64,
Canada,2017,1.6,6.43
Central African Republic,2017,4.18,
Chad,2017,-1.54,
Chile,2017,2.18,6.95
China,2017,1.59,3.9
Colombia,2017,4.31,9.09
Comoros,2017,,
Congo (Brazzaville),2017,,
Congo (Kinshasa),2017,0.45,
Costa Rica,2017,1.63,7.73
Croatia,2017,1.13,11.21
Cyprus,2017,0.53,11.16
Czechia,2017,2.45,2.89
Denmark,2017,1.15,5.83
Djibouti,2017,0.57,26.06
Dominican Republic,2017,3.28,5.83
Ecuador,2017,0.42,3.84
Egypt,2017,29.51,11.77
El Salvador,2017,1.01,4.39
Estonia,2017,3.42,5.76
Eswatini,2017,6.22,
Ethiopia,2017,10.69,
Finland,2017,0.75,8.64
France,2017,1.03,9.41
Gabon,2017,2.65,
Gambia,2017,8.03,
Georgia,2017,6.04,13.94
Germany,2017,1.51,3.75
Ghana,2017,12.37,3.37
Greece,2017,1.12,21.41
Guatemala,2017,4.42,2.46
Guinea,2017,8.91,
Guyana,2017,1.9,
Haiti,2017,10.68,
Honduras,2017,3.93,5.53
Hong Kong S.A.R of China,2017,1.49,
Hungary,2017,2.35,4.16
Iceland,2017,1.76,2.74
India,2017,3.33,
Indonesia,2017,3.81,3.78
Iran,2017,8.04,12.23
Iraq,2017,0.18,13.02
Ireland,2017,0.34,6.71
Israel,2017,0.26,4.14
Italy,2017,1.23,11.21
Jamaica,2017,4.38,7.4
Japan,2017,0.48,2.82
Jordan,2017,3.32,18.12
Kazakhstan,2017,7.44,4.9
Kenya,2017,8.01,
Kosovo,2017,1.49,30.34
Kuwait,2017,2.17,
Kyrgyzstan,2017,3.18,2.65
Laos,2017,0.83,3.27
Latvia,2017,2.93,8.72
Lebanon,2017,4.32,
Lesotho,2017,4.45,
Liberia,2017,12.42,5.95
Libya,2017,25.8,
Lithuania,2017,3.72,7.07
Luxembourg,2017,1.73,5.52
Madagascar,2017,8.61,
Malawi,2017,11.54,3.54
Malaysia,2017,3.87,3.41
Maldives,2017,2.82,
Mali,2017,1.76,7.41
Malta,2017,1.36,4.0
Mauritania,2017,2.25,10.34
Mauritius,2017,3.67,6.75
Mexico,2017,6.04,3.42
Moldova,2017,6.57,1.62
Mongolia,2017,4.3,6.36
Montenegro,2017,2.38,16.08
Morocco,2017,0.75,
Mozambique,2017,15.11,
Myanmar,2017,4.57,1.36
Namibia,2017,6.15,
Nepal,2017,3.63,10.66
Netherlands,2017,1.38,4.84
New Zealand,2017,1.85,4.74
Nicaragua,2017,3.85,3.3
Niger,2017,2.8,7.77
Nigeria,2017,16.5,8.39
North Macedonia,2017,1.35,22.81
Norway,2017,1.88,4.16
Oman,2017,1.6,
Pakistan,2017,4.09,
Panama,2017,0.88,5.46
Paraguay,2017,3.6,6.14
Peru,2017,2.99,3.69
Philippines,2017,2.85,2.55
Poland,2017,2.08,4.89
Portugal,2017,1.37,8.87
Qatar,2017,0.39,0.14
Romania,2017,1.34,4.93
Russia,2017,3.68,5.21
Rwanda,2017,8.28,11.88
Saudi Arabia,2017,-0.84,5.89
Senegal,2017,1.32,4.08
Serbia,2017,3.13,13.48
Sierra Leone,2017,18.22,
Singapore,2017,0.58,4.2
Slovakia,2017,1.31,8.14
Slovenia,2017,1.43,6.57
Solomon Islands,2017,0.49,
Somalia,2017,3.96,
South Africa,2017,5.18,23.99
South Korea,2017,1.94,3.65
South Sudan,2017,187.85,
Spain,2017,1.96,17.22
Sri Lanka,2017,7.7,4.05
State of Palestine,2017,0.21,
St. Kitts and Nevis,2017,0.69,
St. Lucia,2017,0.1,
St. Vincent and the Grenadines,2017,2.15,
Sudan,2017,32.35,
Suriname,2017,22.0,
Sweden,2017,1.79,6.72
Switzerland,2017,0.53,4.8
Syria,2017,,
Tajikistan,2017,,
Tanzania,2017,5.32,
Thailand,2017,0.67,0.83
Timor-Leste,2017,0.52,
Togo,2017,-0.98,3.74
Tonga,2017,7.52,
Trinidad and Tobago,2017,1.88,
Tunisia,2017,5.31,15.33
Turkiye,2017,11.14,10.82
Tuvalu,2017,,26.55
Uganda,2017,5.21,3.64
Ukraine,2017,14.44,9.5
United Arab Emirates,2017,1.97,2.46
United Kingdom,2017,2.56,4.33
United States,2017,2.13,4.36
Uruguay,2017,6.22,7.89
Uzbekistan,2017,13.88,5.83
Vanuatu,2017,3.08,
Venezuela,2017,,5.05
Vietnam,2017,3.52,1.87
Yemen,2017,,
Zambia,2017,6.58,8.52
Zimbabwe,2017,0.89,
Afghanistan,2018,0.63,
Albania,2018,2.03,12.3
Algeria,2018,4.27,
Angola,2018,19.63,
Argentina,2018,34.28,9.22
Armenia,2018,2.52,13.21
Australia,2018,1.91,5.3
Austria,2018,2.0,4.93
Azerbaijan,2018,2.27,4.9
Bahrain,2018,2.09,
Bangladesh,2018,5.54,
Belarus,2018,4.87,4.76
Belgium,2018,2.05,5.95
Belize,2018,0.27,
Benin,2018,0.64,1.47
Bhutan,2018,2.72,3.35
Bolivia,2018,2.27,3.52
Bosnia and Herzegovina,2018,1.42,18.4
Botswana,2018,3.24,
Brazil,2018,3.66,12.33
Bulgaria,2018,2.81,5.21
Burkina Faso,2018,1.96,4.69
Burundi,2018,-2.81,
Cambodia,2018,2.46,
Cameroon,2018,1.07,
Canada,2018,2.27,5.84
Central African Republic,2018,1.61,
Chad,2018,4.27,1.13
Chile,2018,2.43,7.21
China,2018,2.07,4.93
Colombia,2018,3.24,9.36
Comoros,2018,,
Congo (Brazzaville),2018,,
Congo (Kinshasa),2018,1.15,
Costa Rica,2018,2.22,9.01
Croatia,2018,1.5,8.43
Cyprus,2018,1.44,8.5
Czechia,2018,2.15,2.25
Denmark,2018,0.81,5.13
Djibouti,2018,0.15,
Dominican Republic,2018,3.56,5.86
Ecuador,2018,-0.22,3.53
Egypt,2018,14.4,9.86
El Salvador,2018,1.09,4.01
Estonia,2018,3.44,5.37
Eswatini,2018,4.82,
Ethiopia,2018,13.83,
Finland,2018,1.08,7.36
France,2018,1.85,9.02
Gabon,2018,4.75,
Gambia,2018,6.52,4.13
Georgia,2018,2.62,12.67
Germany,2018,1.73,3.38
Ghana,2018,7.81,
Greece,2018,0.63,19.18
Guatemala,2018,3.75,2.28
Guinea,2018,9.83,
Guyana,2018,1.28,14.02
Haiti,2018,12.48,
Honduras,2018,4.35,5.62
Hong Kong S.A.R of China,2018,2.41,
Hungary,2018,2.85,3.71
Iceland,2018,2.68,2.7
India,2018,3.94,7.65
Indonesia,2018,3.2,4.39
Iran,2018,18.01,12.19
Iraq,2018,0.37,
Ireland,2018,0.49,5.74
Israel,2018,0.79,3.92
Italy,2018,1.14,10.61
Jamaica,2018,3.74,5.47
Japan,2018,0.99,2.47
Jordan,2018,4.46,18.26
Kazakhstan,2018,6.02,4.85
Kenya,2018,4.69,
Kosovo,2018,1.05,27.76
Kuwait,2018,0.54,
Kyrgyzstan,2018,1.54,3.67
Laos,2018,2.04,
Latvia,2018,2.53,7.41
Lebanon,2018,6.08,
Lesotho,2018,4.75,
Liberia,2018,23.56,
Libya,2018,13.17,
Lithuania,2018,2.7,6.15
Luxembourg,2018,1.53,5.59
Madagascar,2018,8.59,
Malawi,2018,12.42,
Malaysia,2018,0.88,3.3
Maldives,2018,-0.13,
Mali,2018,0.3,1.62
Malta,2018,1.16,3.66
Mauritania,2018,3.07,
Mauritius,2018,3.22,6.43
Mexico,2018,4.9,3.27
Moldova,2018,3.05,1.24
Mongolia,2018,6.82,5.38
Montenegro,2018,2.61,15.19
Morocco,2018,1.8,
Mozambique,2018,3.91,
Myanmar,2018,6.87,0.77
Namibia,2018,4.29,19.88
Nepal,2018,4.06,
Netherlands,2018,1.7,3.83
New Zealand,2018,1.6,4.34
Nicaragua,2018,4.95,5.2
Niger,2018,2.97,
Nigeria,2018,12.1,
North Macedonia,2018,1.46,21.2
Norway,2018,2.76,3.8
Oman,2018,0.88,1.8
Pakistan,2018,5.08,4.08
Panama,2018,0.76,5.31
Paraguay,2018,3.98,6.22
Peru,2018,1.51,3.49
Philippines,2018,5.31,2.34
Poland,2018,1.81,3.85
Portugal,2018,0.99,6.99
Qatar,2018,0.26,0.11
Romania,2018,4.63,4.19
Russia,2018,2.88,4.85
Rwanda,2018,-0.31,10.76
Saudi Arabia,2018,2.46,6.03
Senegal,2018,0.46,3.57
Serbia,2018,1.96,12.73
Sierra Leone,2018,16.03,3.19
Singapore,2018,0.44,
Slovakia,2018,2.51,6.54
Slovenia,2018,1.74,5.13
Solomon Islands,2018,3.46,
Somalia,2018,4.27,
South Africa,2018,4.52,24.22
South Korea,2018,1.48,3.82
South Sudan,2018,83.5,
Spain,2018,1.67,15.25
Sri Lanka,2018,2.14,4.32
State of Palestine,2018,-0.2,
St. Kitts and Nevis,2018,-1.04,
St. Lucia,2018,1.94,
St. Vincent and the Grenadines,2018,2.32,
Sudan,2018,63.29,
Suriname,2018,,
Sweden,2018,1.95,6.36
Switzerland,2018,0.94,4.71
Syria,2018,,
Tajikistan,2018,,
Tanzania,2018,3.49,
Thailand,2018,1.06,0.77
Timor-Leste,2018,2.29,
Togo,2018,0.93,
Tonga,2018,5.03,2.25
Trinidad and Tobago,2018,1.02,
Tunisia,2018,7.31,15.46
Turkiye,2018,16.33,10.89
Tuvalu,2018,,
Uganda,2018,2.62,
Ukraine,2018,10.95,8.8
United Arab Emirates,2018,3.07,2.24
United Kingdom,2018,2.29,4.0
United States,2018,2.44,3.9
Uruguay,2018,7.61,8.34
Uzbekistan,2018,17.52,9.35
Vanuatu,2018,2.33,
Venezuela,2018,,
Vietnam,2018,3.54,1.16
Yemen,2018,,
Zambia,2018,7.49,5.03
Zimbabwe,2018,10.62,
Afghanistan,2019,2.3,
Albania,2019,1.41,11.47
Algeria,2019,1.95,
Angola,2019,17.08,16.5
Argentina,2019,53.55,9.84
Armenia,2019,1.44,12.2
Australia,2019,1.61,5.16
Austria,2019,1.53,4.56
Azerbaijan,2019,2.61,5.0
Bahrain,2019,1.01,
Bangladesh,2019,5.59,
Belarus,2019,5.6,4.16
Belgium,2019,1.44,5.36
Belize,2019,0.19,9.05
Benin,2019,-0.71,
Bhutan,2019,2.73,2.72
Bolivia,2019,1.84,3.68
Bosnia and Herzegovina,2019,0.56,15.69
Botswana,2019,2.77,20.09
Brazil,2019,3.73,11.94
Bulgaria,2019,3.1,4.23
Burkina Faso,2019,-3.23,
Burundi,2019,-0.69,
Cambodia,2019,1.94,0.5
Cameroon,2019,2.45,
Canada,2019,1.95,5.69
Central African Republic,2019,2.69,
Chad,2019,-0.97,
Chile,2019,2.56,7.27
China,2019,2.9,5.15
Colombia,2019,3.52,10.28
Comoros,2019,,
Congo (Brazzaville),2019,,
Congo (Kinshasa),2019,2.21,
Costa Rica,2019,2.1,10.81
Croatia,2019,0.77,6.62
Cyprus,2019,0.25,7.15
Czechia,2019,2.85,2.02
Denmark,2019,0.76,5.02
Djibouti,2019,3.32,
Dominican Republic,2019,1.81,6.18
Ecuador,2019,0.27,3.81
Egypt,2019,9.15,7.85
El Salvador,2019,0.08,4.17
Estonia,2019,2.28,4.45
Eswatini,2019,2.6,
Ethiopia,2019,15.81,
Finland,2019,1.02,6.69
France,2019,1.11,8.41
Gabon,2019,2.46,
Gambia,2019,7.12,
Georgia,2019,4.85,11.57
Germany,2019,1.45,3.14
Ghana,2019,7.14,
Greece,2019,0.25,17.04
Guatemala,2019,3.7,2.19
Guinea,2019,9.47,5.02
Guyana,2019,2.09,13.52
Haiti,2019,18.7,
Honduras,2019,4.37,5.55
Hong Kong S.A.R of China,2019,2.88,
Hungary,2019,3.34,3.42
Iceland,2019,3.01,3.51
India,2019,3.73,6.51
Indonesia,2019,3.03,3.59
Iran,2019,39.91,10.74
Iraq,2019,-0.2,
Ireland,2019,0.94,4.95
Israel,2019,0.85,3.73
Italy,2019,0.61,9.95
Jamaica,2019,3.91,4.99
Japan,2019,0.47,2.35
Jordan,2019,0.76,16.8
Kazakhstan,2019,5.25,4.8
Kenya,2019,5.24,5.01
Kosovo,2019,2.68,25.07
Kuwait,2019,1.09,
Kyrgyzstan,2019,1.13,4.25
Laos,2019,3.32,
Latvia,2019,2.81,6.31
Lebanon,2019,3.01,11.3
Lesotho,2019,5.19,16.88
Liberia,2019,,
Libya,2019,-2.16,
Lithuania,2019,2.33,6.26
Luxembourg,2019,1.74,5.59
Madagascar,2019,5.61,
Malawi,2019,9.37,
Malaysia,2019,0.66,3.26
Maldives,2019,0.22,4.56
Mali,2019,-1.66,
Malta,2019,1.64,3.62
Mauritania,2019,2.3,10.42
Mauritius,2019,0.41,6.33
Mexico,2019,3.64,3.48
Moldova,2019,4.84,1.5
Mongolia,2019,7.3,9.27
Montenegro,2019,0.36,15.13
Morocco,2019,0.3,
Mozambique,2019,2.8,
Myanmar,2019,8.83,0.41
Namibia,2019,3.72,
Nepal,2019,5.57,
Netherlands,2019,2.63,3.38
New Zealand,2019,1.62,4.11
Nicaragua,2019,5.38,
Niger,2019,-2.49,
Nigeria,2019,11.4,10.7
North Macedonia,2019,0.77,17.39
Norway,2019,2.17,3.69
Oman,2019,0.13,
Pakistan,2019,10.58,4.83
Panama,2019,-0.36,6.41
Paraguay,2019,2.76,6.59
Peru,2019,2.25,3.38
Philippines,2019,2.39,2.24
Poland,2019,2.23,3.28
Portugal,2019,0.34,6.46
Qatar,2019,-0.67,0.1
Romania,2019,3.83,3.91
Russia,2019,4.47,4.5
Rwanda,2019,3.35,11.24
Saudi Arabia,2019,-2.09,5.64
Senegal,2019,1.76,2.86
Serbia,2019,1.85,10.39
Sierra Leone,2019,14.8,
Singapore,2019,0.57,3.1
Slovakia,2019,2.66,5.76
Slovenia,2019,1.63,4.45
Solomon Islands,2019,1.63,
Somalia,2019,4.71,18.83
South Africa,2019,4.12,25.54
South Korea,2019,0.38,3.75
South Sudan,2019,87.24,
Spain,2019,0.7,14.1
Sri Lanka,2019,3.53,4.67
State of Palestine,2019,1.58,
St. Kitts and Nevis,2019,-0.33,
St. Lucia,2019,0.54,
St. Vincent and the Grenadines,2019,0.91,
Sudan,2019,50.99,
Suriname,2019,,
Sweden,2019,1.78,6.83
Switzerland,2019,0.36,4.39
Syria,2019,,
Tajikistan,2019,,
Tanzania,2019,3.46,
Thailand,2019,0.71,0.72
Timor-Leste,2019,0.96,
Togo,2019,0.67,
Tonga,2019,1.18,
Trinidad and Tobago,2019,1.0,3.52
Tunisia,2019,6.72,17.15
Turkiye,2019,15.18,13.67
Tuvalu,2019,,
Uganda,2019,2.87,
Ukraine,2019,7.89,8.19
United Arab Emirates,2019,-1.93,2.33
United Kingdom,2019,1.74,3.74
United States,2019,1.81,3.67
Uruguay,2019,7.88,8.73
Uzbekistan,2019,14.53,8.98
Vanuatu,2019,2.76,5.44
Venezuela,2019,,
Vietnam,2019,2.8,1.68
Yemen,2019,,
Zambia,2019,9.15,5.54
Zimbabwe,2019,255.3,7.37
Afghanistan,2020,,11.71
Albania,2020,1.62,
Algeria,2020,2.42,
Angola,2020,22.27,
Argentina,2020,42.02,11.46
Armenia,2020,1.21,12.18
Australia,2020,0.85,6.46
Austria,2020,1.38,5.2
Azerbaijan,2020,2.76,7.24
Bahrain,2020,-2.32,
Bangladesh,2020,5.69,
Belarus,2020,5.55,4.05
Belgium,2020,0.74,5.55
Belize,2020,0.12,
Benin,2020,3.02,
Bhutan,2020,5.63,5.03
Bolivia,2020,0.94,7.9
Bosnia and Herzegovina,2020,-1.05,15.87
Botswana,2020,1.89,21.02
Brazil,2020,3.21,13.7
Bulgaria,2020,1.67,5.12
Burkina Faso,2020,1.88,
Burundi,2020,7.32,1.03
Cambodia,2020,2.94,0.17
Cameroon,2020,2.44,
Canada,2020,0.72,9.66
Central African Republic,2020,1.71,
Chad,2020,4.46,
Chile,2020,3.05,10.94
China,2020,2.42,5.61
Colombia,2020,2.53,15.98
Comoros,2020,,
Congo (Brazzaville),2020,,1.47
Congo (Kinshasa),2020,1.8,
Costa Rica,2020,0.72,16.43
Croatia,2020,0.15,7.51
Cyprus,2020,-0.64,7.76
Czechia,2020,3.16,2.55
Denmark,2020,0.42,5.64
Djibouti,2020,1.78,
Dominican Republic,2020,3.78,6.13
Ecuador,2020,-0.34,6.13
Egypt,2020,5.04,7.97
El Salvador,2020,-0.37,5.01
Estonia,2020,-0.44,6.8
Eswatini,2020,,
Ethiopia,2020,20.36,
Finland,2020,0.29,7.76
France,2020,0.48,8.01
Gabon,2020,1.35,
Gambia,2020,5.93,
Georgia,2020,5.2,11.73
Germany,2020,0.14,3.86
Ghana,2020,9.89,
Greece,2020,-1.25,15.9
Guatemala,2020,3.21,
Guinea,2020,10.6,
Guyana,2020,0.99,
Haiti,2020,22.8,
Honduras,2020,3.47,10.68
Hong Kong S.A.R of China,2020,0.25,
Hungary,2020,3.33,4.25
Iceland,2020,2.85,5.48
India,2020,6.62,7.86
Indonesia,2020,1.92,4.25
Iran,2020,30.59,9.69
Iraq,2020,0.57,
Ireland,2020,-0.33,5.62
Israel,2020,-0.61,4.17
Italy,2020,-0.14,9.16
Jamaica,2020,5.23,6.5
Japan,2020,-0.02,2.81
Jordan,2020,0.33,19.21
Kazakhstan,2020,6.77,4.89
Kenya,2020,5.4,
Kosovo,2020,0.2,25.46
Kuwait,2020,2.1,
Kyrgyzstan,2020,6.33,4.63
Laos,2020,5.1,
Latvia,2020,0.22,8.1
Lebanon,2020,84.86,
Lesotho,2020,4.98,
Liberia,2020,,
Libya,2020,1.45,
Lithuania,2020,1.2,8.49
Luxembourg,2020,0.82,6.77
Madagascar,2020,4.2,
Malawi,2020,8.63,0.91
Malaysia,2020,-1.14,4.54
Maldives,2020,-1.37,
Mali,2020,0.44,3.53
Malta,2020,0.64,4.35
Mauritania,2020,2.39,
Mauritius,2020,2.58,8.63
Mexico,2020,3.4,4.44
Moldova,2020,3.77,1.21
Mongolia,2020,3.8,6.59
Montenegro,2020,-0.26,17.88
Morocco,2020,0.71,
Mozambique,2020,3.48,
Myanmar,2020,,1.48
Namibia,2020,2.21,
Nepal,2020,5.05,
Netherlands,2020,1.27,3.82
New Zealand,2020,1.71,4.6
Nicaragua,2020,3.68,
Niger,2020,2.9,
Nigeria,2020,13.25,
North Macedonia,2020,1.2,16.55
Norway,2020,1.29,4.42
Oman,2020,-0.9,2.94
Pakistan,2020,9.74,
Panama,2020,-1.55,18.55
Paraguay,2020,1.77,7.55
Peru,2020,2.0,7.18
Philippines,2020,2.39,2.52
Poland,2020,3.37,3.16
Portugal,2020,-0.01,6.8
Qatar,2020,-2.54,0.14
Romania,2020,2.63,5.03
Russia,2020,3.38,5.59
Rwanda,2020,9.85,11.83
Saudi Arabia,2020,3.45,7.66
Senegal,2020,2.54,
Serbia,2020,1.58,9.01
Sierra Leone,2020,13.45,
Singapore,2020,-0.18,4.1
Slovakia,2020,1.94,6.72
Slovenia,2020,-0.05,4.99
Solomon Islands,2020,2.96,
Somalia,2020,4.11,
South Africa,2020,3.21,24.34
South Korea,2020,0.54,3.93
South Sudan,2020,29.68,
Spain,2020,-0.32,15.53
Sri Lanka,2020,6.15,5.36
State of Palestine,2020,-0.74,
St. Kitts and Nevis,2020,-1.17,
St. Lucia,2020,-1.76,
St. Vincent and the Grenadines,2020,-0.63,
Sudan,2020,163.26,
Suriname,2020,34.89,
Sweden,2020,0.5,8.29
Switzerland,2020,-0.73,4.82
Syria,2020,,
Tajikistan,2020,,
Tanzania,2020,3.29,2.78
Thailand,2020,-0.85,1.1
Timor-Leste,2020,,
Togo,2020,1.7,
Tonga,2020,-0.35,
Trinidad and Tobago,2020,0.6,4.21
Tunisia,2020,5.63,
Turkiye,2020,12.28,13.11
Tuvalu,2020,,
Uganda,2020,3.31,
Ukraine,2020,2.73,9.48
United Arab Emirates,2020,-2.08,4.29
United Kingdom,2020,0.99,
United States,2020,1.23,8.05
Uruguay,2020,9.76,10.33
Uzbekistan,2020,12.87,5.29
Vanuatu,2020,5.33,4.05
Venezuela,2020,,7.53
Vietnam,2020,3.22,2.1
Yemen,2020,,
Zambia,2020,15.73,6.03
Zimbabwe,2020,557.2,
Afghanistan,2021,,5.58
Albania,2021,2.04,
Algeria,2021,7.23,
Angola,2021,25.75,15.8
Argentina,2021,48.41,8.74
Armenia,2021,7.18,10.01
Australia,2021,2.86,5.12
Austria,2021,2.77,6.46
Azerbaijan,2021,6.65,6.04
Bahrain,2021,-0.61,
Bangladesh,2021,5.55,
Belarus,2021,9.46,3.9
Belgium,2021,2.44,6.26
Belize,2021,3.24,10.16
Benin,2021,1.73,
Bhutan,2021,7.35,4.8
Bolivia,2021,0.74,5.09
Bosnia and Herzegovina,2021,1.98,14.9
Botswana,2021,7.24,23.11
Brazil,2021,8.3,13.16
Bulgaria,2021,3.3,5.27
Burkina Faso,2021,3.65,
Burundi,2021,8.4,
Cambodia,2021,2.92,0.4
Cameroon,2021,2.27,
Canada,2021,3.4,7.53
Central African Republic,2021,4.26,
Chad,2021,-0.77,
Chile,2021,4.52,9.28
China,2021,0.98,5.11
Colombia,2021,3.5,13.9
Comoros,2021,,5.86
Congo (Brazzaville),2021,,
Congo (Kinshasa),2021,1.72,
Costa Rica,2021,1.73,15.14
Croatia,2021,2.55,7.61
Cyprus,2021,2.45,7.51
Czechia,2021,3.84,2.8
Denmark,2021,1.85,5.04
Djibouti,2021,1.18,
Dominican Republic,2021,8.24,7.7
Ecuador,2021,0.13,4.55
Egypt,2021,5.21,7.44
El Salvador,2021,3.47,4.33
Estonia,2021,4.65,6.18
Eswatini,2021,,
Ethiopia,2021,26.84,3.93
Finland,2021,2.19,7.61
France,2021,1.64,7.87
Gabon,2021,1.09,
Gambia,2021,7.37,
Georgia,2021,9.57,
Germany,2021,3.07,3.64
Ghana,2021,9.97,
Greece,2021,1.22,14.66
Guatemala,2021,4.26,2.17
Guinea,2021,12.6,
Guyana,2021,5.03,
Haiti,2021,16.84,
Honduras,2021,4.48,8.51
Hong Kong S.A.R of China,2021,1.57,
Hungary,2021,5.11,4.05
Iceland,2021,4.44,6.03
India,2021,5.13,6.38
Indonesia,2021,1.56,3.83
Iran,2021,43.39,9.28
Iraq,2021,6.04,16.17
Ireland,2021,2.36,6.19
Israel,2021,1.51,4.81
Italy,2021,1.87,9.5
Jamaica,2021,5.86,5.19
Japan,2021,-0.23,2.83
Jordan,2021,1.35,19.84
Kazakhstan,2021,8.04,
Kenya,2021,6.11,5.69
Kosovo,2021,3.35,20.39
Kuwait,2021,3.42,
Kyrgyzstan,2021,11.91,4.1
Laos,2021,3.76,
Latvia,2021,3.28,7.51
Lebanon,2021,154.76,
Lesotho,2021,6.05,
Liberia,2021,,
Libya,2021,2.87,
Lithuania,2021,4.68,7.11
Luxembourg,2021,2.53,5.25
Madagascar,2021,5.81,
Malawi,2021,9.33,
Malaysia,2021,2.48,
Maldives,2021,0.54,
Mali,2021,3.93,
Malta,2021,1.5,3.39
Mauritania,2021,3.57,
Mauritius,2021,4.03,7.72
Mexico,2021,5.69,4.09
Moldova,2021,5.11,0.79
Mongolia,2021,7.35,7.75
Montenegro,2021,2.41,16.54
Morocco,2021,1.4,12.28
Mozambique,2021,6.41,
Myanmar,2021,,
Namibia,2021,3.62,
Nepal,2021,4.09,
Netherlands,2021,2.68,4.21
New Zealand,2021,3.94,3.78
Nicaragua,2021,4.93,
Niger,2021,3.84,
Nigeria,2021,16.95,
North Macedonia,2021,3.23,15.78
Norway,2021,3.48,4.37
Oman,2021,1.55,1.9
Pakistan,2021,9.5,6.34
Panama,2021,1.63,10.29
Paraguay,2021,4.79,7.31
Peru,2021,4.27,5.1
Philippines,2021,3.93,3.4
Poland,2021,5.06,3.36
Portugal,2021,1.27,6.58
Qatar,2021,2.3,0.14
Romania,2021,5.05,5.59
Russia,2021,6.69,4.72
Rwanda,2021,-0.39,15.79
Saudi Arabia,2021,3.06,6.62
Senegal,2021,2.18,
Serbia,2021,4.09,10.06
Sierra Leone,2021,11.87,
Singapore,2021,2.3,4.64
Slovakia,2021,3.15,6.89
Slovenia,2021,1.92,4.74
Solomon Islands,2021,-0.12,
Somalia,2021,4.62,
South Africa,2021,4.61,28.77
South Korea,2021,2.5,3.64
South Sudan,2021,10.52,
Spain,2021,3.09,14.78
Sri Lanka,2021,7.01,
State of Palestine,2021,1.24,
St. Kitts and Nevis,2021,1.2,
St. Lucia,2021,2.41,
St. Vincent and the Grenadines,2021,1.57,
Sudan,2021,359.09,
Suriname,2021,59.12,
Sweden,2021,2.16,8.72
Switzerland,2021,0.58,5.1
Syria,2021,,
Tajikistan,2021,,
Tanzania,2021,3.69,
Thailand,2021,1.23,1.21
Timor-Leste,2021,,2.34
Togo,2021,4.19,
Tonga,2021,5.64,2.11
Trinidad and Tobago,2021,2.06,4.45
Tunisia,2021,5.71,
Turkiye,2021,19.6,11.98
Tuvalu,2021,,
Uganda,2021,2.2,3.42
Ukraine,2021,9.36,9.83
United Arab Emirates,2021,-0.01,3.11
United Kingdom,2021,2.52,
United States,2021,4.7,5.35
Uruguay,2021,7.75,9.29
Uzbekistan,2021,10.85,
Vanuatu,2021,2.34,
Venezuela,2021,,
Vietnam,2021,1.83,2.38
Yemen,2021,,
Zambia,2021,22.02,5.2
Zimbabwe,2021,98.55,9.54
Afghanistan,2022,,
Albania,2022,6.73,
Algeria,2022,9.27,
Angola,2022,,
Argentina,2022,72.43,
Armenia,2022,8.64,
Australia,2022,6.59,3.7
Austria,2022,8.55,4.99
Azerbaijan,2022,13.85,5.65
Bahrain,2022,3.63,
Bangladesh,2022,7.7,
Belarus,2022,15.21,3.57
Belgium,2022,9.6,5.56
Belize,2022,6.28,
Benin,2022,1.35,
Bhutan,2022,5.64,5.95
Bolivia,2022,1.75,3.55
Bosnia and Herzegovina,2022,14.02,12.66
Botswana,2022,11.67,23.62
Brazil,2022,9.28,9.23
Bulgaria,2022,15.33,4.27
Burkina Faso,2022,14.29,
Burundi,2022,18.8,
Cambodia,2022,5.34,
Cameroon,2022,6.25,
Canada,2022,6.8,5.28
Central African Republic,2022,5.58,
Chad,2022,5.79,
Chile,2022,11.64,8.25
China,2022,1.97,
Colombia,2022,10.18,10.55
Comoros,2022,,
Congo (Brazzaville),2022,,
Congo (Kinshasa),2022,3.04,
Costa Rica,2022,8.27,11.32
Croatia,2022,10.78,6.96
Cyprus,2022,8.4,6.78
Czechia,2022,15.1,2.22
Denmark,2022,7.7,4.43
Djibouti,2022,5.18,
Dominican Republic,2022,8.81,
Ecuador,2022,3.47,3.76
Egypt,2022,13.9,
El Salvador,2022,7.2,3.0
Estonia,2022,19.4,5.57
Eswatini,2022,,
Ethiopia,2022,,
Finland,2022,7.12,6.72
France,2022,5.22,7.31
Gabon,2022,4.23,
Gambia,2022,11.51,
Georgia,2022,11.9,
Germany,2022,6.87,3.14
Ghana,2022,31.26,
Greece,2022,9.65,12.43
Guatemala,2022,6.89,3.05
Guinea,2022,10.49,
Guyana,2022,6.12,
Haiti,2022,33.98,
Honduras,2022,9.09,
Hong Kong S.A.R of China,2022,1.88,
Hungary,2022,14.61,3.61
Iceland,2022,8.31,3.79
India,2022,6.7,
Indonesia,2022,4.21,3.46
Iran,2022,,
Iraq,2022,4.99,
Ireland,2022,7.81,4.48
Israel,2022,4.39,
Italy,2022,8.2,8.07
Jamaica,2022,10.35,
Japan,2022,2.5,2.6
Jordan,2022,4.23,
Kazakhstan,2022,,4.86
Kenya,2022,7.66,
Kosovo,2022,11.58,
Kuwait,2022,3.98,
Kyrgyzstan,2022,13.92,
Laos,2022,22.96,
Latvia,2022,17.31,6.81
Lebanon,2022,171.21,
Lesotho,2022,8.27,
Liberia,2022,,
Libya,2022,4.51,
Lithuania,2022,19.71,5.96
Luxembourg,2022,6.34,4.58
Madagascar,2022,8.16,
Malawi,2022,20.95,
Malaysia,2022,3.38,
Maldives,2022,2.33,
Mali,2022,9.62,
Malta,2022,6.15,2.92
Mauritania,2022,9.53,
Mauritius,2022,10.77,
Mexico,2022,7.9,3.26
Moldova,2022,28.74,0.91
Mongolia,2022,15.15,6.21
Montenegro,2022,13.04,
Morocco,2022,6.66,
Mozambique,2022,10.28,
Myanmar,2022,,
Namibia,2022,6.08,
Nepal,2022,7.69,
Netherlands,2022,10.0,3.52
New Zealand,2022,7.17,3.3
Nicaragua,2022,10.47,
Niger,2022,4.23,
Nigeria,2022,18.85,
North Macedonia,2022,14.2,14.43
Norway,2022,5.76,3.23
Oman,2022,2.81,
Pakistan,2022,19.87,
Panama,2022,2.86,8.28
Paraguay,2022,9.77,6.75
Peru,2022,8.33,3.85
Philippines,2022,5.82,
Poland,2022,14.43,2.89
Portugal,2022,7.83,6.01
Qatar,2022,5.0,0.13
Romania,2022,13.8,5.61
Russia,2022,,3.87
Rwanda,2022,17.69,15.08
Saudi Arabia,2022,2.47,5.59
Senegal,2022,9.7,
Serbia,2022,11.98,8.68
Sierra Leone,2022,27.21,
Singapore,2022,6.12,3.59
Slovakia,2022,12.77,6.14
Slovenia,2022,8.83,4.01
Solomon Islands,2022,5.52,
Somalia,2022,6.78,
South Africa,2022,7.04,28.84
South Korea,2022,5.09,2.86
South Sudan,2022,-6.69,
Spain,2022,8.39,12.92
Sri Lanka,2022,49.72,
State of Palestine,2022,3.74,
St. Kitts and Nevis,2022,2.67,
St. Lucia,2022,6.38,
St. Vincent and the Grenadines,2022,5.66,
Sudan,2022,138.81,
Suriname,2022,52.45,
Sweden,2022,8.37,7.39
Switzerland,2022,2.84,4.3
Syria,2022,,
Tajikistan,2022,,
Tanzania,2022,4.35,
Thailand,2022,6.08,0.94
Timor-Leste,2022,,
Togo,2022,7.97,
Tonga,2022,10.97,
Trinidad and Tobago,2022,5.83,
Tunisia,2022,8.31,
Turkiye,2022,72.31,10.43
Tuvalu,2022,,
Uganda,2022,7.2,
Ukraine,2022,20.18,
United Arab Emirates,2022,4.83,
United Kingdom,2022,7.92,
United States,2022,8.0,3.65
Uruguay,2022,9.1,7.87
Uzbekistan,2022,11.45,
Vanuatu,2022,7.1,
Venezuela,2022,,
Vietnam,2022,3.16,1.54
Yemen,2022,,
Zambia,2022,10.99,
Zimbabwe,2022,104.71,
